,column1,Column2,Column3
0,"
				List of Revoked Certificates of Authority to Operate as a Lending Company (Secondary License)			",,
1,,Z.C. BUEN MANO LENDING CORPORATION,16-Jul-19
2,,MOOLA LENDING CORPORATION (FORMERLY: H LENDING BY HOVONO INC.)** • CGFD Order: 169 MOOLA LENDING CORPORATION,"
23-May-19
01-Aug-19
"
3,"
				List of Revoked Certificates of Registration (Primary License)			",,
4,,15/30 LENDING INVESTORS INC.,06-Jul-17
5,,ACTIVE LENDING CORP.,06-Jul-17
6,,AGM LENDING INVESTORS & CREDIT INC.,06-Jul-17
7,,ALCOR LENDING INVESTOR CORP.,06-Jul-17
8,,ALJAHAZ CONSUMER LENDING INC.,06-Jul-17
9,,"ALPINE LENDING INVESTOR, INC.",06-Jul-17
10,,AMGAR LENDING CORP.,06-Jul-17
11,,AMIANAN LENDING CORP.,06-Jul-17
12,,"ANVEL LENDING INVESTORS, INC.",06-Jul-17
13,,"AREMAR LENDING INVESTORS, INC.",06-Jul-17
14,,AUXILLIARY LENDING CORP.,06-Jul-17
15,,BALASAN LENDING CORP.,06-Jul-17
16,,BANATE LENDING SVCS. INC.,06-Jul-17
17,,BATINGAW LENDING CORP.,06-Jul-17
18,,BESTLAND LENDING CORP.,06-Jul-17
19,,BINALONAN LENDING INVESTORS CORP.,06-Jul-17
20,,BRASILIA LENDING CORP.,06-Jul-17
21,,BROTHERLY LENDING CORP.,06-Jul-17
22,,CARINO ABERIN & CAPILI LENDING INVESTORS CORP.,06-Jul-17
23,,CEBU ATLAS LENDING INVESTORS CORP.,06-Jul-17
24,,CEBU VIGOR LENDING INVESTORS CORP.,06-Jul-17
25,,CFA LENDING SVCS. INC.,06-Jul-17
26,,CYRENEAN LENDING INVESTORS CORP.,06-Jul-17
27,,DAVAO GLITTERS MX’N GOLD LENDING INC.,06-Jul-17
28,,"DE ORO LENDING FACILITIES, INC.",06-Jul-17
29,,DOMINI LENDING INVESTOR INC.,06-Jul-17
30,,"DUMAGUETE CITILENDERS, INC.",06-Jul-17
31,,EL PRIMO LENDING CORP.,06-Jul-17
32,,ELEVEN JEWELS LENDING CORP.,06-Jul-17
33,,ERP LENDING CO. INC.,06-Jul-17
34,,FAPCOR LENDING INVESTOR CORP.,06-Jul-17
35,,FIRST LENDING INVESTORS CORP.,06-Jul-17
36,,FIRST TUMAUINI LENDING INVESTOR (FILICOR) CORP.,06-Jul-17
37,,FISH MAGNATE LENDING CO. INC.,06-Jul-17
38,,FIVE ACES LENDING CORP.,06-Jul-17
39,,FONTANELLE LENDING INVESTOR INC.,06-Jul-17
40,,FORTUNE LENDING INVESTORS INC.,06-Jul-17
41,,FOUNDERS CREDIT & LENDING INVESTOR CORP.,06-Jul-17
42,,FULL AHEAD LENDING INVESTOR CORP.,06-Jul-17
43,,FUNDS UNLIMITED LENDING INC.,06-Jul-17
44,,GOLDEN MAG CREDIT & LENDING CORP.,06-Jul-17
45,,"GOOD VENTURE LENDING INVESTORS, INC.",06-Jul-17
46,,GREAT LINK LENDING CORP.,06-Jul-17
47,,HILLSIDE LENDING CO. INC.,06-Jul-17
48,,HOLIGEM LENDING CORP.,06-Jul-17
49,,"HOLY TRINITY LENDING INVESTOR, INC.",06-Jul-17
50,,JAIFEL LENDING INVESTOR CORP.,06-Jul-17
51,,JEHANS LENDING CORP.,06-Jul-17
52,,JETMAR MULTI LENDING INC.,06-Jul-17
53,,KAMAGONG CREDIT & LENDING INVESTOR INC.,06-Jul-17
54,,LA FAMILIA LENDING INVESTOR CORP.,06-Jul-17
55,,"LAKESHORE LENDING INVESTOR, INC.",06-Jul-17
56,,LBC GROUP LENDING INVESTORS INC.,06-Jul-17
57,,LIFE SAVERS LENDING CORP.,06-Jul-17
58,,LUCKY 2 LENDING INC.,06-Jul-17
59,,MAJESTIC LENDING CORP.,06-Jul-17
60,,MAP MENTORS LENDING SHOP INC.,06-Jul-17
61,,MARVEL LENDING CORP.,06-Jul-17
62,,MB LENDING INVESTORS INC.,06-Jul-17
63,,METRO ROXAS LENDING INVESTOR CORP.,06-Jul-17
64,,MICRODYAMO LENDERS CORP.,06-Jul-17
65,,MODERN LENDING CORP.,06-Jul-17
66,,MOUNT ZION LENDING CORP.,06-Jul-17
67,,"MTL LENDING INVESTORS, INC.",06-Jul-17
68,,NABUNTURAN LENDING INVESTORS INC.,06-Jul-17
69,,NEW STAR LENDING INVESTORS INC.,06-Jul-17
70,,OPTIMUM CREDIT FUNDERS INC.,06-Jul-17
71,,OPTIMUM LENDING CORP.,06-Jul-17
72,,PACITA COMPLEX KAPITBAHAYAN LENDING CORP.,06-Jul-17
73,,PANSIPIT LENDING & CREDIT CORP.,06-Jul-17
74,,PATRICIA LENDING INVESTORS INC.,06-Jul-17
75,,PHILBERT LENDING INVESTORS CORP.,06-Jul-17
76,,PROFESSIONAL LENDERS INC.,06-Jul-17
77,,PSY LENDING INVESTORS INC.,06-Jul-17
78,,RDD LENDING CORP.,06-Jul-17
79,,RED DRAGON LENDING CORP.,06-Jul-17
80,,REGION LENDING & CREDIT CORP.,06-Jul-17
81,,REYES & VILLANUEVA LENDING INC.,06-Jul-17
82,,SA LENDING INVESTORS INC.,06-Jul-17
83,,SME CRYSTAL LENDING INVESTOR CORP.,06-Jul-17
84,,SOLID THREE LENDING INVESTOR CORP.,06-Jul-17
85,,SUN LIFE LENDING & CREDIT CORP.,06-Jul-17
86,,SURVEL LENDING CORP.,06-Jul-17
87,,T.G. LENDING CORP.,06-Jul-17
88,,TRUSTWORTH LENDING CORP.,06-Jul-17
89,,UMINGAN LENDING INVESTOR INC.,06-Jul-17
90,,UNI CREDIT LENDING CORP.,06-Jul-17
91,,UNLIMITED LENDING PHIL. CORP.,06-Jul-17
92,,ZAMBO. SOLID LINE LENDING CORP.,06-Jul-17
93,,5 SPEED CORP.,29-Jun-17
94,,AGENCIA EXQUISITE OF OZAMIZ INC.,29-Jun-17
95,,AGRL. SVCS. CREDIT INC.,29-Jun-17
96,,ALPHA CONSOLIDATED RESOURCES INC.,29-Jun-17
97,,AMETHYST CREDIT CORP.,29-Jun-17
98,,ANCHOR LENDING INVESTORS CORP.,29-Jun-17
99,,ANPEL DEV. CORP.,29-Jun-17
100,,ANTIPOLO CREDIT CORP.,29-Jun-17
101,,AUTO CREDIT CORP.,29-Jun-17
102,,AVATAR LENDING INVESTORS INC.,29-Jun-17
103,,BAGCO LOAN CORP.,29-Jun-17
104,,"BOSTON EQUITY RESOURCES, INC.",29-Jun-17
105,,CEBU CREDIT HOUSE INC.,29-Jun-17
106,,CEBU CREDITLINE CORP.,29-Jun-17
107,,CEBU LENDING SPECIALISTS INC.,29-Jun-17
108,,CITY LINK LENDING CORP.,29-Jun-17
109,,"CITY LOANS LENDING INVESTORS, INC.",29-Jun-17
110,,COCO CITY LENDING INVESTOR INC.,29-Jun-17
111,,"COMPREHENSIVE LENDING INVESTORS, INC.",29-Jun-17
112,,CONCORP PHILS. INC.,29-Jun-17
113,,CONTAL LENDING RESOURCES INC.,29-Jun-17
114,,COUNTRYSIDE LENDING SYSTEMS INC.,29-Jun-17
115,,CREDIT POST INC.,29-Jun-17
116,,D.F.C. LENDING CORP.,29-Jun-17
117,,DAI ICHI CREDIT CORP.,29-Jun-17
118,,DAVAO BETTER HOMES LENDING INVESTORS INC.,29-Jun-17
119,,EGIS LENDING CORP.,29-Jun-17
120,,ELGO LENDING & INVESTMENT CORP.,29-Jun-17
121,,"EXPRESS LENDING INVESTORS, INC.",29-Jun-17
122,,EXPRESSWAY CREDIT CORP.,29-Jun-17
123,,F.M.G. SVCS. INC.,29-Jun-17
124,,F.S.B. LENDING CORP.,29-Jun-17
125,,FIDELEDAD INVESTOR AND LENDING CORP.,29-Jun-17
126,,FIRST ASIA FUNDERS & MANAGERS INC.,29-Jun-17
127,,FIRST BINAN LENDING CORP.,29-Jun-17
128,,FIRST DAIWA CAPITAL CORP.,29-Jun-17
129,,GAMMA LENDING & CREDIT INC.,29-Jun-17
130,,GEM LENDING INVESTORS INC.,29-Jun-17
131,,GLASER LOANS & CREDIT CORP.,29-Jun-17
132,,"GOLDEN LOANS SERVICES, INC.",29-Jun-17
133,,GPS (ILOILO) LENDING CORP.,29-Jun-17
134,,GREAT 8 LENDING INVESTORS CORPORATION,29-Jun-17
135,,IBAAN LENDING INVESTORS INC.,29-Jun-17
136,,INTERCITY LENDING INVESTOR CO. INC.,29-Jun-17
137,,"JP LENDING INVESTORS, INC.",29-Jun-17
138,,KALAYAAN LENDING CORP.,29-Jun-17
139,,KUMINTANG LOANS & CREDIT CORP.,29-Jun-17
140,,L.C.L. CAPITAL INC.,29-Jun-17
141,,LAGUNA CENTRAL CREDIT CORP.,29-Jun-17
142,,LLTJ FINANCING AND DEVELOPMENT CORPORATION,29-Jun-17
143,,"LUCKY PENNY FUND & RESOURCES, INC.",29-Jun-17
144,,MAAMO LENDING CORP.,29-Jun-17
145,,MAASIN TRADERS LENDING CORP.,29-Jun-17
146,,"MABUHAY LENDERS, INC.",29-Jun-17
147,,MADI-AS (ILOILO) LENDING CORP.,29-Jun-17
148,,MAGNA LOAN CORP.,29-Jun-17
149,,MANILA LENDING INVESTOR INC.,29-Jun-17
150,,MARFIVE LENDING INVESTOR CORP.,29-Jun-17
151,,MEGA LOANS & CREDIT CORP.,29-Jun-17
152,,MULTINATIONAL TELECOM INVESTORS CORP.,29-Jun-17
153,,NORTH POINT INTL. VENTURES CORP.,29-Jun-17
154,,NVC LENDING CORP.,29-Jun-17
155,,OCTO LENDING CORP.,29-Jun-17
156,,OTON CREDIT CORP.,29-Jun-17
157,,PALAWAN CREDIT & LENDING INVESTORS CO. INC.,29-Jun-17
158,,PARAGON LENDING INVESTOR CORP.,29-Jun-17
159,,POWER LENDING & CREDIT CORP.,29-Jun-17
160,,PRODUCERS CREDIT CORP.,29-Jun-17
161,,PROGRESSIVE LENDING CORP.,29-Jun-17
162,,QUAD LENDING INVESTOR CORP.,29-Jun-17
163,,REFUND INC.,29-Jun-17
164,,RELIABLE LENDING INVESTOR INC.,29-Jun-17
165,,RODEN LENDING INVESTOR CORP.,29-Jun-17
166,,"ROYAL LEND & EARN LENDING INVESTOR & MGT., INC.",29-Jun-17
167,,SAFEWAY LENDING INC.,29-Jun-17
168,,SANGLAAN LOAN CO. INC.,29-Jun-17
169,,SMHN. NG BUONG LAHING PILIPINO (SBLP) INC.,29-Jun-17
170,,ST. PAUL LENDING HOUSE CORP.,29-Jun-17
171,,STO LENDING INVESTOR CORP.,29-Jun-17
172,,SUGBU FIRST CREDIT CORPORATION,29-Jun-17
173,,TAGUMPAY LENDING INVESTOR CORP.,29-Jun-17
174,,TAHOE LENDING CORP.,29-Jun-17
175,,TOP LENDING INVESTOR CORP.,29-Jun-17
176,,ULTRA LENDING INVESTOR INC.,29-Jun-17
177,,UNITED SUPERVISORS LENDING CO. INC.,29-Jun-17
178,,UNIVERSAL LENDING INVESTOR CORP. OF CAGAYAN DE ORO,29-Jun-17
179,,VILLANCOR CREDIT & LENDING CORP.,29-Jun-17
180,,VINCE LENDING INVESTORS CORP.,29-Jun-17
181,,1530 LENDING HOUSE INC.,29-Jun-17
182,,AB LENDING INVESTORS INC.,29-Jun-17
183,,AEI LENDING CORP.,29-Jun-17
184,,"AEV VILLAMOR CREDIT, INC.",29-Jun-17
185,,ANNJONARD LENDING CORPORATION,29-Jun-17
186,,ASCA LENDING INVESTORS INC.,29-Jun-17
187,,BAYBAY LENDING INVESTORS CORP.,29-Jun-17
188,,BLUE CHIPS LENDING CO. INC.,29-Jun-17
189,,CANDIJAY FINANCIAL ASSISTANCE CENTER INC.,29-Jun-17
190,,CEBU CREDIT ASIA LENDING CORP.,29-Jun-17
191,,CEBU INTERASIA LENDERS INVESTORS CORP.,29-Jun-17
192,,CEBU JAMT LENDING CORP.,29-Jun-17
193,,CHIP LENDING INVESTOR INC.,29-Jun-17
194,,CITIWEALTH CREDIT CORP.,29-Jun-17
195,,CLEMENT TRADING INC.,29-Jun-17
196,,DSL CORP.,29-Jun-17
197,,F&M LENDING INVESTORS INC.,29-Jun-17
198,,FARMERS EMPLOYEES LENDING CORP.,29-Jun-17
199,,"FIRST ATLANTA LENDING INVESTORS, INC.",29-Jun-17
200,,FIRST CHOICE LENDING INVESTORS INC.,29-Jun-17
201,,GLOBAL CREDIT CORP.,29-Jun-17
202,,GLOBAL FUND LENDING INVESTORS INC.,29-Jun-17
203,,J. DEL PRADO LENDING INC.,29-Jun-17
204,,LAKERS LENDING INC.,29-Jun-17
205,,"LEYTENAN LENDING CO., INC.",29-Jun-17
206,,LVM LENDING INVESTORS INC.,29-Jun-17
207,,MABUHAY LENDING INVESTOR INC.,29-Jun-17
208,,MACTAN OCEAN VIEW PROPERTIES & HOLDINGS INC.,29-Jun-17
209,,MANDAUE DYNO LENDERS CORP.,29-Jun-17
210,,MANT MULTI-LENDING CORP.,29-Jun-17
211,,MASCONS LENDING CORP.,29-Jun-17
212,,MEC LENDING CORP.,29-Jun-17
213,,MENCA LENDING INVESTORS INC.,29-Jun-17
214,,METRO CEBU LENDING INVESTORS INC.,29-Jun-17
215,,MOGUL LENDING CORP.,29-Jun-17
216,,REGENCY LENDING CO. INC.,29-Jun-17
217,,RIG J LENDING INVESTOR INC.,29-Jun-17
218,,ROYAL REVERIE INC.,29-Jun-17
219,,SEA FIRST CREDIT CORP.,29-Jun-17
220,,SEMINOLE LENDING INC.,29-Jun-17
221,,"STRATA LENDING INVESTOR, INC.",29-Jun-17
222,,SUGBUANON LENDING & CREDIT CORP.,29-Jun-17
223,,TRISHKARL LENDING INVESTOR CORPORATION,29-Jun-17
224,,"UNITED ASIAN LOANS SERVICES, INCORPORATED",29-Jun-17
225,,4 RS LENDING CORP.,20-Jun-17
226,,"ABOT-KAYA LENDING INVESTOR, INC.",20-Jun-17
227,,ACCESS CREDIT SERVICE CORP.,20-Jun-17
228,,"ACCESS LENDING INVESTOR, INC.",20-Jun-17
229,,AGFA LENDING CENTER INC.,20-Jun-17
230,,ALLIANZ CAPITAL CORP.,20-Jun-17
231,,"ANKA CREDIT RESOURCES, INC.",20-Jun-17
232,,APPRAZE CREDIT CORP.,20-Jun-17
233,,BALANCED FLOW LENDING CO. INC.,20-Jun-17
234,,BEMBOY LENDING CORP.,20-Jun-17
235,,BSMC LENDING INVESTORS CORP.,20-Jun-17
236,,CAPITALANDS INC.,20-Jun-17
237,,CASH AND RESOURCES ENTS. INC.,20-Jun-17
238,,CENTURY LENDING INC.,20-Jun-17
239,,CHMI LENDING INVESTORS INC.,20-Jun-17
240,,CN TRADERS LENDING INVESTOR CORP.,20-Jun-17
241,,"CREDEX, INC.",20-Jun-17
242,,CREDIT EXPONENTS INC.,20-Jun-17
243,,CREST CREDIT CORP.,20-Jun-17
244,,D.M. LENDING INVESTOR CORP.,20-Jun-17
245,,FAMILY COUNTRY LOANS CORP.,20-Jun-17
246,,"FAMILY EXPRESS LENDING, INC.",20-Jun-17
247,,FINANCIAL FACTORS LENDING INVESTORS INC.,20-Jun-17
248,,FIRST ACTIVE CAPITAL CORP.,20-Jun-17
249,,"FIRST ASIA RESOURCES & MANAGERS, INC.",20-Jun-17
250,,FIRST BULACAN LENDING CORP.,20-Jun-17
251,,FIRST CONSUMER LENDING RESOURCES CORP.,20-Jun-17
252,,FIRST LUCENA DEVELOPERS CREDIT CORP.,20-Jun-17
253,,FORTUNE LENDERS INC.,20-Jun-17
254,,"GLM LENDING INVESTORS, INC.",20-Jun-17
255,,"GOLDTECH PAWNBROKERS, INC.",20-Jun-17
256,,GOODWILL HAPPY LENDERS CORP.,20-Jun-17
257,,GRAND LENDING INVESTOR INC.,20-Jun-17
258,,GUADALUPE LENDING INVESTORS INC.,20-Jun-17
259,,I.M.S. LENDING INVESTOR CORP.,20-Jun-17
260,,J.N.R. LENDING INVESTORS INC.,20-Jun-17
261,,JOE MER LENDING INVESTOR INC.,20-Jun-17
262,,KABAYAN LOANS CORP.,20-Jun-17
263,,KAUSWAGAN LENDING INVESTORS INC.,20-Jun-17
264,,"KL CREDIT, INC.",20-Jun-17
265,,LA NAVAL LENDING INVESTORS INC.,20-Jun-17
266,,LION LENDING INVESTOR CORP.,20-Jun-17
267,,LIPA UNI-PRIME LENDING INVESTOR CORP.,20-Jun-17
268,,LOANASIA INVESTORS CORP.,20-Jun-17
269,,LUCENA CREDIT FUNDERS INC.,20-Jun-17
270,,M.J. LENDING INVESTOR INC.,20-Jun-17
271,,MAGNETIC LENDING CORP.,20-Jun-17
272,,MAHARLIKA CREDIT & LOANS CORP.,20-Jun-17
273,,"MANALASTAS LENDING INVESTOR, INC.",20-Jun-17
274,,"MCL LENDING INVESTOR, INC.",20-Jun-17
275,,"MELCAR LENDING INVESTOR, INC.",20-Jun-17
276,,MENDEZ CREDIT CORP.,20-Jun-17
277,,"MONIMART LENDING INVESTORS, INC.",20-Jun-17
278,,"MS LENDING INVESTOR, INC.",20-Jun-17
279,,NEWTOWN LOANS & CREDIT CORP.,20-Jun-17
280,,P.R. FUNDS LENDING CORP.,20-Jun-17
281,,"PASAY LENDING INVESTORS, INC.",20-Jun-17
282,,PILIPINAS LOAN CO. INC.,20-Jun-17
283,,PLA CREDIT & DEV. CORP.,20-Jun-17
284,,PLAZA LENDING INVESTOR INC.,20-Jun-17
285,,PREMIERE CREDIT INVESTORS CORP.,20-Jun-17
286,,"ROCKWELL LENDING INVESTOR, INC.",20-Jun-17
287,,SAN JOSE LENDING INVESTOR (LENDVEST) INC.,20-Jun-17
288,,"SEVEN LAKES PROGRESSIVE LENDING INVESTORS, INC.",20-Jun-17
289,,SILANGAN LENDING CORP. OF STA. MARIA BULACAN,20-Jun-17
290,,SOLIDLINK CREDIT & LOAN CO. INC.,20-Jun-17
291,,SOUTH CREDIT CORP.,20-Jun-17
292,,"SPHERE LENDING, INC.",20-Jun-17
293,,STA. CRUZ LENDING INVESTOR CORP.,20-Jun-17
294,,STA. ROSA LENDING INVESTOR INC.,20-Jun-17
295,,STARLIGHT LENDING INVESTOR INC.,20-Jun-17
296,,STRONBACK INC.,20-Jun-17
297,,T.D. LENDING INVESTOR INC.,20-Jun-17
298,,TEACHERS ASSISTANCE PROGRAMMERS INC.,20-Jun-17
299,,TRI CORNER CREDIT CORP.,20-Jun-17
300,,UNIHOUSE CORP.,20-Jun-17
301,,UNITED M CREDIT & LENDING CORP.,20-Jun-17
302,,V.R. GONZALES CREDIT ENTS. INC.,20-Jun-17
303,,YOURS LENDING INVESTOR CORP.,20-Jun-17
304,,"ANGELES LENDING INVSTOR, INC.",06-Jun-17
305,,"ASIAN GRACE LENDING PHILS , INC.",06-Jun-17
306,,CHAMPION LENDING CORPORATION,06-Jun-17
307,,CHARM LENDING INVESTOR CORPORATION,06-Jun-17
308,,CHARTON LENDING CORP.,06-Jun-17
309,,CLIA LENDING INVESTOR INC.,06-Jun-17
310,,DELSI LENDING CORP.,06-Jun-17
311,,"DEVCON RESOURCES LENDING INVESTORS, INC.",06-Jun-17
312,,DREAM LENDING INVESTOR CORP.,06-Jun-17
313,,EMINENCE LENDING INVESTOR INC.,06-Jun-17
314,,ETC LENDING INVESTOR INC.,06-Jun-17
315,,EVERBEST LENDING INVESTOR,06-Jun-17
316,,"EXPRESSADVANCE, INC.",06-Jun-17
317,,F.R.D. LENDING CO.,06-Jun-17
318,,GOLDEN COIN COLLECTION LENDING CORPORATION,06-Jun-17
319,,GREEN HOPE CREDIT CORP.,06-Jun-17
320,,GRV2 LENDING CORP.,06-Jun-17
321,,KABALIKAT SA HANAPBUHAY LENDING CORP.,06-Jun-17
322,,KAPALARAN LOANS & CREDIT CORP,06-Jun-17
323,,KIANGAN CREDIT RESOURCES & TRADING CORP.,06-Jun-17
324,,LENDING MARKETS OF CEBU CORP.,06-Jun-17
325,,"LENDIX HAUS, INC.",06-Jun-17
326,,LIGAYA PROPERTIES INC.,06-Jun-17
327,,"LKT LENDING CO, INC.",06-Jun-17
328,,LVK & VLK LENDING CORP.,06-Jun-17
329,,MANILA TEACHERS CREDIT CORPORATION,06-Jun-17
330,,METRO ASIA PACIFIC CREDIT CORP.,06-Jun-17
331,,METRO SUNRISE LENDING CORP.,06-Jun-17
332,,"MIDTOWN LENDING INVESTORS, INC.",06-Jun-17
333,,MODEST LOAN & CREDIT CORP.,06-Jun-17
334,,MONEY TREE LOAN CORP.,06-Jun-17
335,,MORNING STAR FINANCIAL RESOURCES CORPORATION,06-Jun-17
336,,MULTIPILIER LENDING CORP.,06-Jun-17
337,,NATIVITY LENDING RESOURCES INC.,06-Jun-17
338,,NEW CITY LENDING CORP.,06-Jun-17
339,,"PEERE CREDIT, INC.",06-Jun-17
340,,PESO & CENTS CREDIT RESOURCES,06-Jun-17
341,,PRISUNIC LENDING CORP.,06-Jun-17
342,,PROSPERITY LINK INC.,06-Jun-17
343,,PS LENDING INVESTOR INC.,06-Jun-17
344,,RSN PUNJAB TRADING & LENDING CORP.,06-Jun-17
345,,SAN CARLOS LENDING CORP.,06-Jun-17
346,,"ST. BENEDICT LENDING INVESTOR CO., INC.",06-Jun-17
347,,TERESA LENDING CORP.,06-Jun-17
348,,THE QUANTUM LINK LENDING CORP.,06-Jun-17
349,,TRISWELD CREDIT CORPORATION,06-Jun-17
350,,UNI-MOTORS LENDING CORP.,06-Jun-17
351,,“PAUTANG BAYAN” LENDING INC.,23-May-17
352,,3CF LENDING CORPORATION,23-May-17
353,,888 LOANS CORP.,23-May-17
354,,ADDMORE CREDIT RESOURCES INC.,23-May-17
355,,AKA-SH LENDING INVESTORS INC.,23-May-17
356,,ALFONSO LENDING INVESTOR CORP.,23-May-17
357,,ALIC LENDING INVESTORS CORP.,23-May-17
358,,ALLSTATE LOANS CORP.,23-May-17
359,,ALPS CREDIT CORP.,23-May-17
360,,ANCHOR 8 LENDING SYSTEMS CORPORATION,23-May-17
361,,ANJ LOANS INC.,23-May-17
362,,B.M.P. LENDING INC.,23-May-17
363,,BALIUAG LENDING CORP.,23-May-17
364,,BATHURST CAPITAL INC.,23-May-17
365,,BLOU PLATINUM CORP.,23-May-17
366,,BRAVO CREDIT A LENDING INVESTORS CORP.,23-May-17
367,,CAMBRIDGE CREDIT CORP.,23-May-17
368,,"CAS LENDING, INC.",23-May-17
369,,CASH & CREDIT SPECIALIST LENDING INVESTOR INC.,23-May-17
370,,CASH AGAD LENDING INC.,23-May-17
371,,D.G.E.N. LENDING CORP.,23-May-17
372,,DHANDWAL LENDING & TRADING CORP.,23-May-17
373,,DRCUBE LENDING CORP.,23-May-17
374,,DRJJJ LENDING CORP.,23-May-17
375,,ERLEE CREDIT CORP.,23-May-17
376,,FIRST BINONDO CREDIT (BFCC) CORP.,23-May-17
377,,FIRST KABUHAYAN LENDING CORP.,23-May-17
378,,FORTUNATE STAR LENDING CORP.,23-May-17
379,,GOOD SAMARITAN LENDING INVESTOR CORP.,23-May-17
380,,GOODWAY LENDING CORP.,23-May-17
381,,GRANTS CREDIT RESOURCES INC.,23-May-17
382,,GURMINDER-HARMINDER LENDING & TRADING CORP.,23-May-17
383,,HARRODS CREDIT CORP.,23-May-17
384,,HEDWIG LENDING CORPORATION,23-May-17
385,,INTERLEND CREDIT CORP.,23-May-17
386,,LAKHBIR LENDING & TRADING CORP.,23-May-17
387,,LE MAISON LENDING INC.,23-May-17
388,,LIST LENDING INVESTOR INC.,23-May-17
389,,LUCKY 8 CREDIT & LENDING CORP.,23-May-17
390,,MILESTONE LENDING CORP.,23-May-17
391,,MONARCH LOAN & CREDIT CORP.,23-May-17
392,,NOVO ECIJANO CREDIT CORP.,23-May-17
393,,ONGKIE MULTI VENTURES LENDING INVESTORS INC.,23-May-17
394,,PALMERA LENDING INVESTOR CORP.,23-May-17
395,,PAUL & PATRICK LENDING INVESTORS INC.,23-May-17
396,,PLANTERS LENDING CORP.,23-May-17
397,,PRIMERICA CREDIT CORP.,23-May-17
398,,READY RESOURCES INVESTORS LENDING CORP.,23-May-17
399,,RED CARPET LENDING & CREDIT CORP.,23-May-17
400,,RSB LENDING INVESTORS INC.,23-May-17
401,,SAN MIGUEL CREDIT CORP.,23-May-17
402,,SARDONYX LENDING INVESTORS INC.,23-May-17
403,,"SEAGAL LENDING INVESTOR, INC.",23-May-17
404,,SINAG ARAW CREDIT CORP.,23-May-17
405,,SOUTH PEARL LENDING & CREDIT CORP.,23-May-17
406,,SVA LOANS & CREDIT CORP.,23-May-17
407,,SWISS CREDIT CORP.,23-May-17
408,,TAGAPAGLINGKOD CREDIT CORP.,23-May-17
409,,THAKURI LENDING CORP.,23-May-17
410,,THE UPHOLDER LENDING (PARANAQUE) CORP.,23-May-17
411,,TRENDLINES CREDIT CORP.,23-May-17
412,,TRIUMPH LOANS & CREDIT CORP.,23-May-17
413,,TRUE WORTH LENDING CORP.,23-May-17
414,,WINTHEX CREDIT INC.,23-May-17
415,"
				List of Revoked Lending Companies (Partnership)			",,
416,,2716 LENDING COMPANY,06-Jun-17
417,,3 KARATS LENDING INVESTOR CO.,06-Jun-17
418,,3K LENDING CENTER CO.,06-Jun-17
419,,4-LEAF CLOVER LENDING INVESTOR CO.,06-Jun-17
420,,5972 LENDING INVESTOR CO.,06-Jun-17
421,,5H FLEX LENDING SVCS. CO.,06-Jun-17
422,,7G LENDING SERVICES CO.,06-Jun-17
423,,A&C HERITAGE CO.,06-Jun-17
424,,A&G LENDING INVESTOR CO.,06-Jun-17
425,,A.K. 47 LENDING INVESTOR CO.,06-Jun-17
426,,A.S.M. LENDING & TRADING CO.,06-Jun-17
427,,ABRAM FAITH HOPE LENDING INVESTORS CO.,06-Jun-17
428,,ABS STAR LENDING INVESTORS CO.,06-Jun-17
429,,ACENIR LENDING INVESTOR CO.,06-Jun-17
430,,ADVAN LENDING INVESTOR CO.,06-Jun-17
431,,AGCRI LENDING INVESTOR CO.,06-Jun-17
432,,AGGARWAL LENDING & TRADING CO.,06-Jun-17
433,,AICOR RICH LENDING CO.,06-Jun-17
434,,AJ-A CONSUMER LENDING COMPANY,06-Jun-17
435,,AJAY LENDING & TRADING CO.,06-Jun-17
436,,AJS INTL. LENDING LTD. CO.,06-Jun-17
437,,AKAL C.I.P. LENDING INVESTOR & TRADING CO. LTD.,06-Jun-17
438,,ALADDIN LENDING & SVCS. CO.,06-Jun-17
439,,ALDON LENDING & LOAN CO.,06-Jun-17
440,,ALGI LENDING INVESTOR CO.,06-Jun-17
441,,ALL SEASONS CREDIT COMPANY,06-Jun-17
442,,ALM LENDING CO.,06-Jun-17
443,,ALTITUDE LENDING INVESTOR CO.,06-Jun-17
444,,AL-WEN CREDIT CO.,06-Jun-17
445,,ALZAS LENDING INVESTOR CO.,06-Jun-17
446,,AM 75 LENDING INVESTORS CO.,06-Jun-17
447,,AM PARTNER LENDING & CREDIT CO.,06-Jun-17
448,,AMAC LENDING CO.,06-Jun-17
449,,AMERIGO CREDIT CO.,06-Jun-17
450,,AMIT SOGI LENDING INVESTOR CO.,06-Jun-17
451,,AMRIT VEER LENDING & TRADING CO.,06-Jun-17
452,,ANAND CREDIT RESOURCES CO.,06-Jun-17
453,,ANAND ISHER LENDING & TRADING CO.,06-Jun-17
454,,ANCO LENDING CO.,06-Jun-17
455,,ANISH LENDING & TRADING CO. LTD.,06-Jun-17
456,,AR-LOU LENDING CO.,06-Jun-17
457,,ARRIETA & CO. LTD.,06-Jun-17
458,,AS DUBB LENDING INVESTOR CO.,06-Jun-17
459,,ASHRAM TRADING & CREDIT RESOURCES CO. LTD.,06-Jun-17
460,,ASHUTOSH AMOL LENDING & TRADING CO.,06-Jun-17
461,,ASSETS FORMING LENDING INVESTOR CO.,06-Jun-17
462,,AUJLA LENDING & TRADING CO.,06-Jun-17
463,,AUROFELS LENDING SVCS. CO.,06-Jun-17
464,,AURORA FIRST LENDING CO.,06-Jun-17
465,,ÂUSPICIOUS LENDING INVESTOR CO.,06-Jun-17
466,,AV MARQUEZ LENDING CO.,06-Jun-17
467,,AVICO LENDING INVESTOR CO.,06-Jun-17
468,,AZEC LENDING CO.,06-Jun-17
469,,B S E LENDING COMPANY,06-Jun-17
470,,B&L LENDING CO.,06-Jun-17
471,,BABA BAJEE SHAIB LENDING & TRADING CO.,06-Jun-17
472,,BABA BALAK LENDING & TRADING CO.,06-Jun-17
473,,BABA SHAHEED LENDING & TRADING CO.,06-Jun-17
474,,BABAJAWAHAR DASS LENDING CO.,06-Jun-17
475,,BAGA DURANA LENDING CO.,06-Jun-17
476,,BAGGA SINGH LENDING INVESTOR LTD. CO.,06-Jun-17
477,,BAINS FRIENDS LENDING INVESTOR & TRADING CO.,06-Jun-17
478,,BAL LENDING CO.,06-Jun-17
479,,BALBON LENDING INVESTOR CO.,06-Jun-17
480,,BALWINDRA SINGH LENDING CO. LTD.,06-Jun-17
481,,BAM LENDING & TRADING CO.,06-Jun-17
482,,BANABA EAST LENDING INVESTOR CO.,06-Jun-17
483,,BANGUI VALLEY LENDING INVESTOR CO.,06-Jun-17
484,,BANKERO LENDING INVESTOR CO.,06-Jun-17
485,,BANSAL LENDING & TRADING CO.,06-Jun-17
486,,BANTI SUKHI LENDING & TRADING CO. LTD.,06-Jun-17
487,,BATANGAS ERA LENDING INVESTOR CO.,06-Jun-17
488,,BATANGAS LENDERS INTL. CO. LTD.,06-Jun-17
489,,BATANGAS MONEYSHOP LENDING INVESTOR CO.,06-Jun-17
490,,BATHAN & CABARRUBIA LENDING INVESTOR CO.,06-Jun-17
491,,BATMARK LENDING HOUSE CO.,06-Jun-17
492,,BAYVIEW LENDING INVESTORS CO.,06-Jun-17
493,,BCS LENDING CO.,06-Jun-17
494,,BEA LENDING & TRADING CO. LTD.,06-Jun-17
495,,BEAM LENDING INVESTOR CO.,06-Jun-17
496,,BELLIKEN LENDING CO.,06-Jun-17
497,,BENMARK LENDING CO.,06-Jun-17
498,,BEP LENDING INVESTOR CO.,06-Jun-17
499,,BEST LINE LENDING CO.,06-Jun-17
500,,BETHVES LENDING INVESTOR CO.,06-Jun-17
501,,BFHS LENDING INVESTORS CO.,06-Jun-17
502,,BHAGAT RAM LENDING & TRADING CO.,06-Jun-17
503,,BHALLA KRISHAN LENDING INVESTOR LTD. CO.,06-Jun-17
504,,BHANGOO LENDING & TRADING CO.,06-Jun-17
505,,BHARPUR LENDING INVESTOR CO.,06-Jun-17
506,,BHATIA LENDING CO.,06-Jun-17
507,,BHATOYA GEN. MDSE. & LENDING INVESTOR CO.,06-Jun-17
508,,BHAWANI LENDING & TRADING CO.,06-Jun-17
509,,BHOSS LENDING INVESTOR CO.,06-Jun-17
510,,BHULLER & FRIENDS LENDING INVESTOR CO.,06-Jun-17
511,,BI LENDING & TRADING CO.,06-Jun-17
512,,BIG DUCKS LENDING COMPANY,06-Jun-17
513,,BIHAR LENDING INVESTOR & TRADING CO.,06-Jun-17
514,,BILGA LENDING CO.,06-Jun-17
515,,BIRING LENDING & TRADING CO.,06-Jun-17
516,,BITU LENDING & TRADING CO.,06-Jun-17
517,,BJ LENDING INVESTORS & TRADING CO.,06-Jun-17
518,,BMS LENDING INVESTOR CO.,06-Jun-17
519,,BOLA LENDING & TRADING CO.,06-Jun-17
520,,BONCHI LENDING CO.,06-Jun-17
521,,BONI LENDING INVESTOR CO.,06-Jun-17
522,,BONNE FORTUNE LENDING CO.,06-Jun-17
523,,BP LENDING INVESTORS CO.,06-Jun-17
524,,BRAR FOUR LENDING CO.,06-Jun-17
525,,BRAR LENDING INVESTOR & TRADING CO.,06-Jun-17
526,,BRICKSTOWN LENDING INVESTOR LTD. CO.,06-Jun-17
527,,BRM LENDING LTD. CO.,06-Jun-17
528,,BROWNCON LENDING & TRADING CO. LTD.,06-Jun-17
529,,BUCKS LENDING & INVESTOR CO.,06-Jun-17
530,,BUENAS PARES LENDING INVESTOR OF LIPA CITY CO.,06-Jun-17
531,,BUNSO LENDING INVESTOR CO.,06-Jun-17
532,,BUYGON LENDING CO.,06-Jun-17
533,,BXU BUTUAN LENDING INVESTOR COMPANY,06-Jun-17
534,,BYMM LENDING INVESTOR COMPANY,06-Jun-17
535,,C. MONTES LENDING CO.,06-Jun-17
536,,C.E. LENDING INVESTORS CO. LTD.,06-Jun-17
537,,"CAA MANDUG LENDING CO., LTD.",06-Jun-17
538,,CABALHIN LENDING INVESTORS CO.,06-Jun-17
539,,CABANATUAN LENDING INSTITUTION CO.,06-Jun-17
540,,CADELINA-FELLIZAR LENDING INVESTORS CO.,06-Jun-17
541,,CALIFORNIA PACIFIC LENDING INVESTOR CO.,06-Jun-17
542,,CAMARINES LENDING & TRADING CO.,06-Jun-17
543,,CAMEO LENDING INVESTORS CO.,06-Jun-17
544,,CARIZON & SINGH LENDING INVESTOR CO.,06-Jun-17
545,,CARMONA LENDING INVESTOR CO.,06-Jun-17
546,,CASANAS LENDING CO.,06-Jun-17
547,,CASANAYAN LENDING CO.,06-Jun-17
548,,CASHOUSE LENDING CO.,06-Jun-17
549,,CASTLE LENDING ENTERPRISES CO.,06-Jun-17
550,,CEAZAR PACIFIC MONEY LENDING CO. LTD.,06-Jun-17
551,,CEBU TEACHERS LENDING INVESTORS CO.,06-Jun-17
552,,CEDARAPH LENDING CO.,06-Jun-17
553,,CEFERINO’S CREDIT & LENDING (CCLC) COMPANY,06-Jun-17
554,,CELCRICHA NZ LENDING INVESTOR CO. LTD.,06-Jun-17
555,,CENTERLINE LENDING CO.,06-Jun-17
556,,CENTRUM CREDIT AND LENDING INVESTORS CO.,06-Jun-17
557,,CGH LENDING INVESTOR COMPANY,06-Jun-17
558,,CHAHAIL LENDING CO.,06-Jun-17
559,,CHAHAL LENDING INVESTOR & TRADING CO.,06-Jun-17
560,,CHAMDAL LENDING INVESTOR CO.,06-Jun-17
561,,CHAND LENDING CO.,06-Jun-17
562,,CHANNU WALA LENDING & TRADING CO.,06-Jun-17
563,,CHARLENE CREDIT RESOURCES CO.,06-Jun-17
564,,CHEEMA LENDING CO.,06-Jun-17
565,,CHI LENDING INVESTORS & CO.,06-Jun-17
566,,CHOONG TIGER FORCE LENDING INVESTOR & TRADING CO.,06-Jun-17
567,,CITIZEN LENDING RESOURCES CO.,06-Jun-17
568,,CJ LENDING CO.,06-Jun-17
569,,COMPACT CREDIT CO.,06-Jun-17
570,,CORDILLERA LENDING & ALLIED SVCS. (CLAS) CO.,06-Jun-17
571,,COUNTRYWIDE LENDERS GROUP CO.,06-Jun-17
572,,CPC LENDING CO.,06-Jun-17
573,,CRISTAL LENDING INVESTOR CO.,06-Jun-17
574,,CRITERION LENDING INVESTORS CO.,06-Jun-17
575,,CSL LENDING INVESTOR CO.,06-Jun-17
576,,CYN & SONS LENDING CO.,06-Jun-17
577,,D&B LENDING LTD. CO.,06-Jun-17
578,,D&D LENDING INVESTORS CO.,06-Jun-17
579,,D.S.P. LENDING & ENT. CO.,06-Jun-17
580,,DAA LOANS & CREDIT HOUSE CO.,06-Jun-17
581,,DARK HORSE CO.,06-Jun-17
582,,DARSHAN LENDING CO.,06-Jun-17
583,,DASHMES LENDING CO.,06-Jun-17
584,,DASS & TALWAR LENDING & TRADING CO.,06-Jun-17
585,,DAVIMART LENDING CO.,06-Jun-17
586,,DAWNERS CREDIT INTERNATIONAL (DCI) CO.,06-Jun-17
587,,DAYOT LENDING CO.,06-Jun-17
588,,DAYSTAR LENDING INVESTOR CO.,06-Jun-17
589,,DE GUZMAN – MENDOZA LUCKY LENDING INVESTOR CO.,06-Jun-17
590,,DE GUZMAN & GRANADOS LENDING INVESTOR CO.,06-Jun-17
591,,DELA CRUZ & DOLE LENDING INVESTOR & GEN. MDSE. CO.,06-Jun-17
592,,DEMS LENDING INVESTORS LTD. CO.,06-Jun-17
593,,DEOL-BAINS LENDING & TRADING CO.,06-Jun-17
594,,DEPENDABLE LENDING CO.,06-Jun-17
595,,DEV LENDING CO.,06-Jun-17
596,,DG PENSION LENDING COMPANY,06-Jun-17
597,,DHADWAL LENDING CO.,06-Jun-17
598,,DHALIWAL & RAI LENDING & DRY GOODS WHOLESALER CO.,06-Jun-17
599,,DHALIWAL LENDING & TRADING CO.,06-Jun-17
600,,DHAN DHAN SHRI GURU NANAK DEVI JI CREDIT RESOURCES CO.,06-Jun-17
601,,DHANESAR LENDING INVESTOR & TRADING CO.,06-Jun-17
602,,DHATT-SANDHU LENDING & TRADING CO.,06-Jun-17
603,,DHEVHI LENDING INVESTOR CO.,06-Jun-17
604,,DIAMOND ANGELES SAN LUIS LENDING SVCS. CO.,06-Jun-17
605,,DICK & TREVOR LENDING & ENTS. CO.,06-Jun-17
606,,DINAR LENDING INVESTOR & TRADING CO.,06-Jun-17
607,,DINGLE (ILOILO) LENDING CO.,06-Jun-17
608,,DIPOLOG GEEM LENDING INVESTOR CO.,06-Jun-17
609,,DIPPA & GUIZARA LENDING & TRADING CO.,06-Jun-17
610,,DNL LENDING COMPANY,06-Jun-17
611,,DOABA LENDING INVESTOR & TRADING CO.,06-Jun-17
612,,DOBABA LENDING & TRADING CO.,06-Jun-17
613,,DOL CREDIT SVCS. CO. LTD.,06-Jun-17
614,,DOLL LENDING & TRADING CO.,06-Jun-17
615,,DOOL LENDING & TRADING CO.,06-Jun-17
616,,DOUBLE D LENDING INVESTOR CO.,06-Jun-17
617,,DOUBLE NC LENDING INVESTOR CO.,06-Jun-17
618,,DOUGHS & QUIDS LENDING INVESTOR CO.,06-Jun-17
619,,DPM LENDING CO.,06-Jun-17
620,,DULAY LENDING INVESTOR CO.,06-Jun-17
621,,DURANS PARTNERSHIP CO.,06-Jun-17
622,,DYNAMIC ASSETS LENDING CO.,06-Jun-17
623,,DYQUIANGCO LENDING INVESTOR (DLI) CO.,06-Jun-17
624,,E&E LENDING INVESTORS CO.,06-Jun-17
625,,EAGLE_8_LENDING INVESTORS CO.,06-Jun-17
626,,EAI LENDING INVESTORS CO.,06-Jun-17
627,,EARLY LENDING CO.,06-Jun-17
628,,ECKARDIAS CHANG LENDING INVESTORS LTD. CO.,06-Jun-17
629,,EFTEVE LENDING INVESTOR CO.,06-Jun-17
630,,EGK METRO LENDING INVESTOR LTD. CO.,06-Jun-17
631,,EIB LENDING INVESTOR CO.,06-Jun-17
632,,ELR LENDING CO.,06-Jun-17
633,,EM-CON LENDING INVESTOR CO.,06-Jun-17
634,,EMILIO AND LIGAYA PAMISA’S FAMILY LENDIN S CO. (ELPELICO),06-Jun-17
635,,EMILIZ LENDING INVESTORS LTD. CO.,06-Jun-17
636,,ENIGMA LENDING & TRADING CO. LTD.,06-Jun-17
637,,ENZED LENDING PARTNERS CO.,06-Jun-17
638,,ERICOY LENDING INVESTORS CO.,06-Jun-17
639,,ERNESTOR LENDING CO.,06-Jun-17
640,,ERRO LENDING COMPANY,06-Jun-17
641,,ESGUERRAS LENDING INVESTORS CO.,06-Jun-17
642,,ESPY LENDING CO.,06-Jun-17
643,,F. JOHN MARTIN LENDING INVESTOR CO.,06-Jun-17
644,,F.R.D. LENDING CO.,06-Jun-17
645,,FAIR & SQUARE LENDING INVESTOR CO.,06-Jun-17
646,,FAMED R-NET CO.,06-Jun-17
647,,FAMOUS LENDING INVESTOR CO.,06-Jun-17
648,,FAP LENDING INVESTOR CO.,06-Jun-17
649,,FB LENDING CO.,06-Jun-17
650,,FIL LADIES LENDING CO.,06-Jun-17
651,,FIRST CABUYAO LENDING INVESTOR CO.,06-Jun-17
652,,FIRST ISABELA LENDING INVESTORS CO.,06-Jun-17
653,,FIRST LOS BANOS KABAYAN LENDING CO.,06-Jun-17
654,,FIRST MAHARLIKA LENDING INVESTOR CO. LTD.,06-Jun-17
655,,FIRST MUNTINLUPA LENDING INVESTORS CO.,06-Jun-17
656,,FIRST OASIS LOAN CO.,06-Jun-17
657,,FMBJ LENDING CO.,06-Jun-17
658,,FORT LENDING INVESTOR CO.,06-Jun-17
659,,FRANZILYN LENDING INVESTOR CO.,06-Jun-17
660,,FRIENDS FINEST LENDING CO. LTD.,06-Jun-17
661,,FRONTDOOR LENDING & TRADING CO. LTD.,06-Jun-17
662,,FUND AID LENDING INVESTORS CO.,06-Jun-17
663,,G&C LENDING CO.,06-Jun-17
664,,G&G LENDING CO.,06-Jun-17
665,,G.R.E. LENDING CO. LTD.,06-Jun-17
666,,GAGAN TRADING & LENDING CO.,06-Jun-17
667,,GALANG & BUNAG & ASSO. LENDING CO.,06-Jun-17
668,,GAMDEV LENDING CO.,06-Jun-17
669,,GANDHI LENDING INVESTOR LTD. CO.,06-Jun-17
670,,GANDRA LENDING & TRADING CO. LTD.,06-Jun-17
671,,GANESH LENDING CO.,06-Jun-17
672,,GANGOTRE BROS. LENDING INVESTOR & TRADING CO.,06-Jun-17
673,,GARNES LENDING CO.,06-Jun-17
674,,GATCHBECK LENDING COMPANY,06-Jun-17
675,,GDS LENDING & TRADING CO.,06-Jun-17
676,,GE LENDING INVESTORS CO.,06-Jun-17
677,,GEAVER LENDING INVESTOR CO.,06-Jun-17
678,,GEM LOANS & CREDIT CO.,06-Jun-17
679,,GEMANTI LENDING INVESTOR CO.,06-Jun-17
680,,GEMLINK LENDING VENTURES CO.,06-Jun-17
681,,GERRY B. LENDING INVESTOR CO.,06-Jun-17
682,,GESSNEC LENDING INVESTOR CO.,06-Jun-17
683,,GGH LENDING INVESTOR CO.,06-Jun-17
684,,GGL LENDING CO. LTD.,06-Jun-17
685,,GHUMAN LENDING CO.,06-Jun-17
686,,GIAN LENDING INVESTOR CO.,06-Jun-17
687,,GILL & FRIENDS LENDING CO.,06-Jun-17
688,,GILL & SIDHU EASY LOAN CO.,06-Jun-17
689,,GLR LENDING INVESTOR & TRADING CO. LTD.,06-Jun-17
690,,GMR LENDING & TRADING CO.,06-Jun-17
691,,GOBIND LENDING INVESTOR CO.,06-Jun-17
692,,GOLDEN GATE EXPRESS LOANS CO. LTD.,06-Jun-17
693,,GOLDEN MINE CREDIT & LENDING CO. LTD.,06-Jun-17
694,,GOLDEN TEMPLE CREDIT & RESOURCES LTD. CO.,06-Jun-17
695,,GOLDEN TEMPLE LENDING INVESTOR LTD. CO.,06-Jun-17
696,,GOLDENEYE LENDING INVESTORS CO.,06-Jun-17
697,,GOLDLAND LENDING & CREDIT CO.,06-Jun-17
698,,GOLDLUCK LENDING INVESTORS CO.,06-Jun-17
699,,GOLDY LENDING & TRADING CO.,06-Jun-17
700,,GOODWILL FUNDS INVESTORS CO.,06-Jun-17
701,,GOPAL LENDING & ENTS. CO.,06-Jun-17
702,,GREEN VIEW LENDING INVESTOR CO.,06-Jun-17
703,,GREWAL LENDING CO.,06-Jun-17
704,,GROUPE LENDING CO.,06-Jun-17
705,,GSJP & PARTNERS LENDING SERVICES CO. LTD.,06-Jun-17
706,,G-TEN TRADING & LENDING INVESTOR CO.,06-Jun-17
707,,GUJJERWALL LENDING & TRADING CO.,06-Jun-17
708,,GURA LENDING & TRADING CO.,06-Jun-17
709,,GURMAIL & NOEMI PARTNERSHIP CO.,06-Jun-17
710,,GURPASAD LENDING INVESTOR CO.,06-Jun-17
711,,GURTI LENDING INVESTOR & TRADING CO.,06-Jun-17
712,,GURU ARJAN LENDING CO.,06-Jun-17
713,,GURU GOVIND SINGH LENDING & TRADING CO.,06-Jun-17
714,,GURU NANAK LENDING & TRADING CO.,06-Jun-17
715,,GUZEL LENDING & TRADING CO. LTD.,06-Jun-17
716,,GVN CREDIT CO.,06-Jun-17
717,,H&J LENDING LTD. CO.,06-Jun-17
718,,H.B. DEL ROSARIO LENDING INVESTMENT LTD. CO.,06-Jun-17
719,,H.L.C. LENDING INVESTOR CO.,06-Jun-17
720,,HAFALLA & PAL LENDING INVESTOR & GEN. MDSE. CO.,06-Jun-17
721,,HAMKUNT LENDING INVESTORS CO.,06-Jun-17
722,,HANAKO LENDING CO. LTD.,06-Jun-17
723,,HANNA AMPARO LENDING INVESTOR CO.,06-Jun-17
724,,HANNA EDCE LENDING INVESTOR CO.,06-Jun-17
725,,HARGARNES LENDING CO.,06-Jun-17
726,,HAR-GILL LENDING & TRADING CO.,06-Jun-17
727,,HARJOT LENDING & TRADING CO.,06-Jun-17
728,,HARSH ATTI LENDING & TRADING CO.,06-Jun-17
729,,HASHBROWN LENDING & TRADING CO. LTD.,06-Jun-17
730,,HEENA LENDING & TRADING CO. LTD.,06-Jun-17
731,,HEERA LENDING & TRADING CO. LTD.,06-Jun-17
732,,HIGASHI LENDING SVCS. CO.,06-Jun-17
733,,HRM LENDING INVESTOR CO.,06-Jun-17
734,,HYPER LENDING COMPANY,06-Jun-17
735,,IAY LENDING CO.,06-Jun-17
736,,ICELAND LENDING INVESTOR & TRADING CO.,06-Jun-17
737,,ICM CREDIT & LENDING INVESTORS CO.,06-Jun-17
738,,IFS LENDING CO.,06-Jun-17
739,,ILMS LENDING INVESTOS CO.,06-Jun-17
740,,INDERZOIL LENDING & TRADING CO.,06-Jun-17
741,,INDIAN LENDING INVESTOR & TRADING CO.,06-Jun-17
742,,INDIVIDUAL LENDING INVESTOR & TRADING CO.,06-Jun-17
743,,INTERACT LENDING INVESTOR CO.,06-Jun-17
744,,ISAJOHN LENDING INVESTOR CO.,06-Jun-17
745,,ISHER LENDING INVESTOR & TRADING CO.,06-Jun-17
746,,J&E LENDING INVESTOR CO.,06-Jun-17
747,,J&I LENDING CO.,06-Jun-17
748,,J&R LENDING INVESTOR CO.,06-Jun-17
749,,J.B. LENDING INVESTOR CO.,06-Jun-17
750,,JAE LENDING INVESTOR CO.,06-Jun-17
751,,JAGRHA LENDING & TRADING CO.,06-Jun-17
752,,JAGTAR SINGH & DARBARA SINGH LENDING CO. LTD.,06-Jun-17
753,,JAI DURGA MAA LENDING & TRADING CO.,06-Jun-17
754,,JAI LAXMI JI LENDING & TRADING CO.,06-Jun-17
755,,JAIDEEP LENDING & TRADING CO.,06-Jun-17
756,,JAKIMPUR LENDING & TRADING CO. LTD.,06-Jun-17
757,,JALLANDAR LENDING INVESTOR CO.,06-Jun-17
758,,JAMDAGAN LENDING & TRADING CO.,06-Jun-17
759,,JAN MAYE LENDING INVESTOR CO.,06-Jun-17
760,,JANA LENDING INVESTOR CO.,06-Jun-17
761,,JANU LENDING INVESTOR CO.,06-Jun-17
762,,JARO EXPRESS LENDING CO.,06-Jun-17
763,,JAS LENDING & TRADING CO.,06-Jun-17
764,,JASSJIT LENDING CO.,06-Jun-17
765,,JASWANT & GROUP LENDING & TRADING CO.,06-Jun-17
766,,JAWANDA LENDING & TRADING CO.,06-Jun-17
767,,JBH INVESTOR & TRADING CO.,06-Jun-17
768,,JBL LENDING SERVICE COMPANY,06-Jun-17
769,,JBLL LENDING CO.,06-Jun-17
770,,JBN LENDING & TRADING ENTS. LTD. CO.,06-Jun-17
771,,JEERH HAYER LENDING CO. LTD.,06-Jun-17
772,,JEERH SOGY LENDING CO.,06-Jun-17
773,,JEHAR LENDING INVESTOR COMPANY,06-Jun-17
774,,JEJE MONEY CHANGER LENDING & TRADING LTD. CO.,06-Jun-17
775,,JEL-STAR LENDING CO.,06-Jun-17
776,,JEM & JOEL CREDIT LINES CO.,06-Jun-17
777,,JET LENDING SVCS. CO.,06-Jun-17
778,,JETEENDER ENTS. LTD. CO.,06-Jun-17
779,,JEVI LENDING INVESTOR CO.,06-Jun-17
780,,JHIM AND BHEC LENDING CO.,06-Jun-17
781,,JHW LENDING INVESTOR & TRADING CO.,06-Jun-17
782,,JILL LENDING ASSISTANCE CO.,06-Jun-17
783,,JIMMA LENDING CO.,06-Jun-17
784,,JINSEI LENDING CO.,06-Jun-17
785,,JK LENDING & TRADING CO.,06-Jun-17
786,,JKL LENDING CO.,06-Jun-17
787,,JLA CREDIT CO.,06-Jun-17
788,,J-LEX LENDING INVESTORS & CO.,06-Jun-17
789,,JLM LENDING INVESTORS CO.,06-Jun-17
790,,JM INTL. LENDING INVESTORS CO.,06-Jun-17
791,,JMJ CREDIT LOAN CO.,06-Jun-17
792,,JN LENDING INVESOTRS & CO.,06-Jun-17
793,,JOBEC LENDING CO.,06-Jun-17
794,,JOCON LENDING SERVICE COMPANY,06-Jun-17
795,,JOEL LENDING INVESTOR CO.,06-Jun-17
796,,JOHNNY LENDING CO.,06-Jun-17
797,,JOHNSON LENDING INVESTORS CO.,06-Jun-17
798,,JOSSET MRKTG. & LENDING INVESTORS CO.,06-Jun-17
799,,JOVAN PREET LENDING CO. LTD.,06-Jun-17
800,,JOWA LENDING & TRADING CO. LTD.,06-Jun-17
801,,JRC LENDING INVESTORS CO.,06-Jun-17
802,,JRH LENDING & TRADING CO. LTD.,06-Jun-17
803,,JVCM LUCKY & LENDING CO.,06-Jun-17
804,,K&K CREDIT RESOURCES CO. LTD.,06-Jun-17
805,,K.M. CREDIT & LENDING CO.,06-Jun-17
806,,K.S. BRAR-WRING CREDIT RESOURCES & TRADING CO.,06-Jun-17
807,,K.S. LENDING LTD. CO.,06-Jun-17
808,,KAAGAPAY SA KAUNLARAN CO.,06-Jun-17
809,,KABALIKAT LENDING INVESTOR (CAVITE) CO.,06-Jun-17
810,,KABAYAN LENDING INVESTORS CO.,06-Jun-17
811,,KAIBIGAN LENDING CO.,06-Jun-17
812,,KAIRA LENDING & TRADING CO. LTD.,06-Jun-17
813,,KAKTAR TRADING & LENDING INVESTOR CO.,06-Jun-17
814,,KALER LENDING & TRADING CO.,06-Jun-17
815,,KAR LENDING LTD. CO.,06-Jun-17
816,,KAVITA LENDING CO. LTD.,06-Jun-17
817,,KCK LENDING INVESTOR CO.,06-Jun-17
818,,KEJAB LENDING CO.,06-Jun-17
819,,KENNETH 5 LENDING INVESTOR CO.,06-Jun-17
820,,KESTREL LENDING EXPRESS CO.,06-Jun-17
821,,KHALSA QUICK CASH CO. LTD.,06-Jun-17
822,,KHOSA LENDING INVESTOR & TRADING CO.,06-Jun-17
823,,KING OF KINGS LENDING INVESTORS CO.,06-Jun-17
824,,KKP TRADING & LENDING CO.,06-Jun-17
825,,KLEBER LENDING INVESTOR CO.,06-Jun-17
826,,KMC LENDING INVESTOR CO.,06-Jun-17
827,,KME LENDING CO.,06-Jun-17
828,,KNC LENDING INVESTOR CO.,06-Jun-17
829,,KOKRI LENDING & TRADING CO.,06-Jun-17
830,,KOR-PHIL LENDING INVESTOR CO. LTD.,06-Jun-17
831,,KOTKAPURA LENDING CO.,06-Jun-17
832,,KRISHAN LENDING INVESTOR CO.,06-Jun-17
833,,KRISHNA LENDING INVESTOR CO.,06-Jun-17
834,,KRISS LINO LENDING INVESTOR CO.,06-Jun-17
835,,KULAR LENDING & TRADING CO. LTD.,06-Jun-17
836,,KWIKAZ LENDING & TRADING CO. LTD.,06-Jun-17
837,,L&B LENDING INVESTOR & MONEY CHANGER CO.,06-Jun-17
838,,L&J LENDING INVESTOR CO.,06-Jun-17
839,,L.P.E. LENDING INVESTOR CO.,06-Jun-17
840,,LA MILAGROSA CREDIT CO.,06-Jun-17
841,,LACKVIN LENDING CO. LTD.,06-Jun-17
842,,LAKHY LENDING & TRADING CO.,06-Jun-17
843,,LAL LENDING & MARKETING CO.,06-Jun-17
844,,LALI LENDING & TRADING CO.,06-Jun-17
845,,LALIRAJAN LENDING CO.,06-Jun-17
846,,LAMBER-ANUJ CREDIT RESOURCES & TRADING CO.,06-Jun-17
847,,LANA-MAY LENDING INVESTOR CO.,06-Jun-17
848,,LCSM LENDING INVESTORS CO.,06-Jun-17
849,,LEMVA LENDING CO.,06-Jun-17
850,,LIDYCO LENDING INVESTORS CO.,06-Jun-17
851,,LIFE MGT. LENDING RESOURCES CO.,06-Jun-17
852,,LIFELINE LENDING & TRADING CO. LTD.,06-Jun-17
853,,LINGAP LENDING CO.,06-Jun-17
854,,LINGSAT LENDING INVESTOR CO.,06-Jun-17
855,,LINUZ LENDING CO.,06-Jun-17
856,,LJ LOPEZ PARTNERSHIP CO.,06-Jun-17
857,,LMC LENDING INVESTOR CO.,06-Jun-17
858,,LMT CONSULTANCY RESEARCH LENDING & SVCS. LTD. CO.,06-Jun-17
859,,LOISLANE LENDING INVESTORS CO.,06-Jun-17
860,,LONE STAR LENDING INVESTORS CO.,06-Jun-17
861,,LOREMAR LENDING LTD. CO.,06-Jun-17
862,,LOTUS LENDING INVESTOR LTD. CO.,06-Jun-17
863,,LOUEL LENDING CO. LTD.,06-Jun-17
864,,LOVPRIT LENDING & TRADING CO.,06-Jun-17
865,,LRJ LENDING INVESTOR CO.,06-Jun-17
866,,LUKSOR LENDING INVESTOR CO.,06-Jun-17
867,,LUXOR LENDING INVESTOR CO.,06-Jun-17
868,,LUXXOR LENDING INVESTOR CO.,06-Jun-17
869,,LYZ LAGSON LENDING COMPANY,06-Jun-17
870,,M.A.M. LENDING INVESTOR CO. LTD.,06-Jun-17
871,,M.G.A. LENDING CO.,06-Jun-17
872,,M.L. SOLOMON & ASSO. LENDING INVESTORS CO. LTD.,06-Jun-17
873,,M.V. LENDING LTD. CO.,06-Jun-17
874,,MAC RAE LENDING INVESTOR CO.,06-Jun-17
875,,MAGGI . COM LENDING COMPANY,06-Jun-17
876,,MAGINHAWA LENDING INVESTOR CO.,06-Jun-17
877,,"MAGNANAO, MASILOG, GARILLOS MARKETING AND LENDING (MMG) CO.",06-Jun-17
878,,MAHAL LENDING INVESTOR & TRADING CO.,06-Jun-17
879,,MAHARAJA CREDIT RESOURCES & TRADING CO.,06-Jun-17
880,,MAHARANI LENDING & TRADING CO. LTD.,06-Jun-17
881,,MAJ LENDING INVESTORS CO.,06-Jun-17
882,,MALASIQUI LENDING ASSISTANCE CO.,06-Jun-17
883,,MALHI LENDING & TRADING CO. LTD.,06-Jun-17
884,,MALJOS LENDING COMPANY,06-Jun-17
885,,MALLAH LENDING & TRADING CO.,06-Jun-17
886,,MALY EL NINO LENDING INVESTOR CO.,06-Jun-17
887,,MANAWAN LENDING & TRADING CO.,06-Jun-17
888,,MANCHESTER CREDIT CO.,06-Jun-17
889,,MANDEEP SANDHU LENDING & TRADING CO.,06-Jun-17
890,,MANGALDAN SUPREME LENDING INVESTOR ENT. LTD.,06-Jun-17
891,,MANJIT SOHAL LENDING INVESTOR CO.,06-Jun-17
892,,MANJKI LENDING & TRADING CO.,06-Jun-17
893,,MANVIR LENDING & TRADING CO.,06-Jun-17
894,,MAR & FRED LENDING INVESTOR CO.,06-Jun-17
895,,MARCJACQ LENDING CO.,06-Jun-17
896,,MARGA LENDING & CREDIT CO.,06-Jun-17
897,,MARGA LENDING AND CREDIT CO.,06-Jun-17
898,,MARICO LENDING HOUSE CO.,06-Jun-17
899,,MARK LENDING INVESTOR CO.,06-Jun-17
900,,MARON MAC-J LENDING CO.,06-Jun-17
901,,MARPHIL LENDING CO.,06-Jun-17
902,,MARS CREDIT SVCS. CO.,06-Jun-17
903,,MARVIS LENDING INVESTOR CO.,06-Jun-17
904,,MARYANA LENDING CO.,06-Jun-17
905,,MASTANA LENDING & TRADING CO.,06-Jun-17
906,,MBA LENDING INVESTOR CO.,06-Jun-17
907,,MCSJ LENDING INVESTORS LTD. CO.,06-Jun-17
908,,MEAR LENDING INVESTORS CO.,06-Jun-17
909,,MECA FAIRBRIGHT LENDING INVESTOR CO.,06-Jun-17
910,,MEGA DE LUXE LENDING CENTER CO.,06-Jun-17
911,,MEGASTAR QUICK LOANS CO.,06-Jun-17
912,,MEL LENDING INVESTORS CO.,06-Jun-17
913,,MEQ LENDING INVESTORS CO.,06-Jun-17
914,,MH LENDING INVESTOR CO.,06-Jun-17
915,,MIAGAO PROGRESSIVE LENDING CO.,06-Jun-17
916,,MIDWAY LENDING CO.,06-Jun-17
917,,MIKA LENDING INVESTOR CO.,06-Jun-17
918,,MILYNNA LENDING CO.,06-Jun-17
919,,MINHAS CREDIT RESOURCES CO.,06-Jun-17
920,,MIRCEL LENDING INVESTOR CO.,06-Jun-17
921,,MITA LENDING INVESTOR CO.,06-Jun-17
922,,MJB LIFELINE CREDIT CO.,06-Jun-17
923,,MJL LENDING & TRADING CO.,06-Jun-17
924,,MKAG LENDING CO.,06-Jun-17
925,,MM & N LENDING PARTNERSHIP,06-Jun-17
926,,MM QUICK LOANS CO.,06-Jun-17
927,,MN LENDING INVESTORS CO.,06-Jun-17
928,,MOGA LENDING & TRADING CO.,06-Jun-17
929,,MONEY GO ROUND LENDING INVESTOR CO.,06-Jun-17
930,,MONEYTHON LENDING CO.,06-Jun-17
931,,MONIES LENDING INVESTOR CO.,06-Jun-17
932,,MONTANEZ DIONISIO CREDIT ENT. CO.,06-Jun-17
933,,MOONLIGHT LENDING INVESTOR & TRADING CO.,06-Jun-17
934,,MORNING STAR LENDING INVESTOR CO.,06-Jun-17
935,,MORNING SUNSHINE LENDING INVESTORS CO.,06-Jun-17
936,,MOVELA LENDING INVESTOR LTD. CO.,06-Jun-17
937,,MOVERS LENDING INVESTORS CO.,06-Jun-17
938,,MPJJ LENDING CO.,06-Jun-17
939,,MR. MABINI LENDING INVESTORS CO.,06-Jun-17
940,,MSJK LENDING CO.,06-Jun-17
941,,MVN LENDING & TRADING CO.,06-Jun-17
942,,MYRRH LENDING CO.,06-Jun-17
943,,MYSORE LENDING & TRADING CO. LTD.,06-Jun-17
944,,NARANA LENDING INVESTORS LTD.,06-Jun-17
945,,NARINDER LENDING & TRADING CO.,06-Jun-17
946,,NASIB LENDING & TRADING CO.,06-Jun-17
947,,NAVJIT LENDING LTD. CO.,06-Jun-17
948,,NAW LENDING INVESTORS CO.,06-Jun-17
949,,NBAL LENDING CO.,06-Jun-17
950,,NEGROS SAFE LENDING CO.,06-Jun-17
951,,NEPA LENDING & TRADING CO.,06-Jun-17
952,,NEW DEOL LENDING INVESTOR & TRADING CO.,06-Jun-17
953,,NEW MOON LENDING & TRADING CO.,06-Jun-17
954,,NEW POOJA LENDING INVESTOR & TRADING LTD. CO.,06-Jun-17
955,,NEW RURKEE LENDING INVESTOR CO.,06-Jun-17
956,,NEW WORLD LENDING INVESTOR PARTNERSHIP LTD.,06-Jun-17
957,,NEXUS LENDING SVCS. CO.,06-Jun-17
958,,NGR LENDING INVESTOR CO.,06-Jun-17
959,,NIRANKAR LENDING & ENT. CO.,06-Jun-17
960,,NIRMAL KUMAR LENDING INVESTOR LTD. CO.,06-Jun-17
961,,NIRMAL LENDING & MDSG. CO.,06-Jun-17
962,,NITIN CREDIT & LENDING CO. LTD.,06-Jun-17
963,,NJ RELIANCE LENDING COMPANY,06-Jun-17
964,,NNRC LENDING CO.,06-Jun-17
965,,NOR-HAN FAMILY LENDING CO.,06-Jun-17
966,,NORTH BAY LENDING INVESTOR CO.,06-Jun-17
967,,NORTH INDIES TRADING & LENDING CO.,06-Jun-17
968,,NORTH PEARL LENDING & TRADING CO. LTD.,06-Jun-17
969,,NORTHRIDGE CREDIT CO.,06-Jun-17
970,,NORZAGARAY FIRST INTEGRATED LENDING INVESTORS CO.,06-Jun-17
971,,NRJ AND SONS LENDING INVESTOR CO.,06-Jun-17
972,,OBANDO FIRST INTEGRATED LENDING INVESTORS CO.,06-Jun-17
973,,ODRAN LENDING & TRADING CO. LTD.,06-Jun-17
974,,OFC LENDING INVESTOR CO.,06-Jun-17
975,,OMAR LENDING INVESTOR CO.,06-Jun-17
976,,OM-SHIVA LENDING LTD. CO.,06-Jun-17
977,,OPINDER & FRIENDS LENDING & TRADING CO.,06-Jun-17
978,,OSLEDIM LENDING & TRADING CO. LTD.,06-Jun-17
979,,OUR LADY OF LOURDES LENDING PARTNERS CO.,06-Jun-17
980,,OUTDOOR LENDING & TRADING CO. LTD.,06-Jun-17
981,,OUTREACH LENDING INVESTOR CO.,06-Jun-17
982,,P JEG LENDING INVESTORS CO.,06-Jun-17
983,,P&B LENDING INVESTORS & TRADING CO.,06-Jun-17
984,,P.R. CALLANTA VILLAFLORES CO.,06-Jun-17
985,,PALACIO VALDEZ AND SOLIS LENDING INVESTOR CO.,06-Jun-17
986,,PALM LENDING CO.,06-Jun-17
987,,PALM LENDING INVESTOR & TRADING CO.,06-Jun-17
988,,PANJAB LENDING LTD. CO.,06-Jun-17
989,,PARADISE COMET LENDING CO.,06-Jun-17
990,,PARTNER IN PROGRESS LENDING CO.,06-Jun-17
991,,PAVETAR LENDING & TRADING CO. LTD.,06-Jun-17
992,,PAVONIA LENDING & TRADING CO.,06-Jun-17
993,,PAYLIGHT LENDING & TRADING CO. LTD.,06-Jun-17
994,,PB CREDIT LTD. CO.,06-Jun-17
995,,PBA & PARTNERS LENDING CO.,06-Jun-17
996,,PEOPLES HOPE LENDING INVESTORS CO.,06-Jun-17
997,,PERCEPTION LENDING INVESTOR CO.,06-Jun-17
998,,PETER PAUL LENDING CO.,06-Jun-17
999,,PG INHERITORS LENDING SHOP CO.,06-Jun-17
1000,,PHALS STAR LENDING LTD. CO.,06-Jun-17
1001,,PHIL. GILEK LENDING INVESTOR LTD. CO.,06-Jun-17
1002,,PHIL. HERYAN CREDIT CO.,06-Jun-17
1003,,PIARA & SONS LENDING CO.,06-Jun-17
1004,,PINAMALAYAN FIRST LENDING INVESTORS CO.,06-Jun-17
1005,,PINES LENDING INVESTOR CO.,06-Jun-17
1006,,PINOY KREDIT CO.,06-Jun-17
1007,,PIONEER LENDING INVESTOR CO.,06-Jun-17
1008,,PLATINUM LENDING INVESTORS CO.,06-Jun-17
1009,,PONA BROS. LENDING & TRADING CO.,06-Jun-17
1010,,PONDO NG BUHAY LTD. CO.,06-Jun-17
1011,,PRADE LENDING INVESTOR CO.,06-Jun-17
1012,,PRAISE LENDING SVCS. CO.,06-Jun-17
1013,,PREM & FRIENDS LENDING INVESTOR CO.,06-Jun-17
1014,,PRIMEWAY LENDING & TRADING CO. LTD.,06-Jun-17
1015,,PRIMIERA CLASSE LENDING CO.,06-Jun-17
1016,,PUERTO PRINCESA LENDING CO.,06-Jun-17
1017,,PULONG BUHANGIN LENDING INVESTOR CO.,06-Jun-17
1018,,PUNJAB LENDING LTD.CO.,06-Jun-17
1019,,PUNJABI LENDING INVESTOR & TRADING CO.,06-Jun-17
1020,,PUREWALL LENDING & TRADING CO.,06-Jun-17
1021,,PYRAMID LENDING INVESTORS CO.,06-Jun-17
1022,,QUARIES LENDING CO.,06-Jun-17
1023,,QUATRO HERMANAS LENDING INVS. CO.,06-Jun-17
1024,,QUICK LINK CREDIT COMPANY,06-Jun-17
1025,,QUICKLEND COMPANY,06-Jun-17
1026,,R&G LENDING CO.,06-Jun-17
1027,,R&R LENDING INVESTOR CO.,06-Jun-17
1028,,R&R LENDING INVESTOR LTD. CO.,06-Jun-17
1029,,R.A. CREDIT RESOURCES CO.,06-Jun-17
1030,,R.J. ENTS. CO.,06-Jun-17
1031,,R.P. SANGAR LENDING & TRADING CO.,06-Jun-17
1032,,R.R.D.M. LENDING CO.,06-Jun-17
1033,,R-A CREDIT RESOURCES CO.,06-Jun-17
1034,,RADIAL LENDING CO.,06-Jun-17
1035,,RAHMAN LENDING INVESTORS CO.,06-Jun-17
1036,,RAHUL-KAPISH LENDING & TRADING CO.,06-Jun-17
1037,,RAJU LENDING CO.,06-Jun-17
1038,,RALD LENDING SVCS. CO.,06-Jun-17
1039,,RAMANS LENDING INVESTOR & TRADING CO.,06-Jun-17
1040,,RAMNEEK CREDIT RESOURCES & ENTS. LTD. CO.,06-Jun-17
1041,,RANA LENDING INVESTOR CO.,06-Jun-17
1042,,RANNO & CO.,06-Jun-17
1043,,RANU LENDING & TRADING CO.,06-Jun-17
1044,,RAPU-RAPONHON LENDING CO.,06-Jun-17
1045,,RAQUEL LENDING INVESTORS CO.,06-Jun-17
1046,,RASHPAL & FRIENDS CREDIT RESOURCES & TRADING CO.,06-Jun-17
1047,,RASHPAL SINGH & SANDEEP SINGH LENDING CO. LTD.,06-Jun-17
1048,,RATTAN LENDING INVESTOR & TRADING CO.,06-Jun-17
1049,,RAVI-DEEP LENDING & TRADING CO.,06-Jun-17
1050,,RAVINA LENDING INVESTORS CO.,06-Jun-17
1051,,RCE LENDERS LTD. CO.,06-Jun-17
1052,,RE TALWAR LENDING LTD. CO.,06-Jun-17
1053,,REFCON LENDING INVESTOR CO.,06-Jun-17
1054,,REGAZ LENDING INVESTORS CO.,06-Jun-17
1055,,RESORT LENDING & CREDIT CO.,06-Jun-17
1056,,"RESPONSIBLE ACTION TOWARDS COMMUNITY EMPOWERMENT (RACE), CO.",06-Jun-17
1057,,RFA 2000 LENDING INVESTOR CO. LTD.,06-Jun-17
1058,,RGT LENDING INVESTOR CO.,06-Jun-17
1059,,RHG TRADING & LENDING INVESTOR CO.,06-Jun-17
1060,,RICHMOND LENDING INVESTOR CO.,06-Jun-17
1061,,RIGHT DEAL LOANS & CREDIT CO.,06-Jun-17
1062,,RINDI TRADING & LENDING CO.,06-Jun-17
1063,,RISING SUN CREDIT & LENDING CO.,06-Jun-17
1064,,RIZAL MONEY ENCHANMENT LENDING CO.,06-Jun-17
1065,,RJ EXPRESS LENDING INVESTOR CO.,06-Jun-17
1066,,RJ UNASIN CREDIT CO.,06-Jun-17
1067,,RODIL & MARERO LENDING INVESTORS CO.,06-Jun-17
1068,,ROMERCAPHILS LENDING COMPANY,06-Jun-17
1069,,ROMYLYN LENDING INVESTOR CO.,06-Jun-17
1070,,RONAGE LENDING INVESTOR CO.,06-Jun-17
1071,,RONMARIE LENDING SVCS.,06-Jun-17
1072,,ROSA JOY LENDING SERVICES CO.,06-Jun-17
1073,,ROSEBELL LENDING & INVESTORS CO.,06-Jun-17
1074,,ROSICAR LENDING INVESTOR CO.,06-Jun-17
1075,,ROVE LENDING INVESTORS CO.,06-Jun-17
1076,,ROXAS CITY EXPRESS CREDIT CO.,06-Jun-17
1077,,ROYAL HARVEST LENDING CO.,06-Jun-17
1078,,RSBM CREDIT & TRADE LTD. CO.,06-Jun-17
1079,,RTAG LENDING & TRADING LTD. CO.,06-Jun-17
1080,,RUCHENDER LENDING CO.,06-Jun-17
1081,,RUPEE LENDING & TRADING CO.,06-Jun-17
1082,,RVZ LENDING INVESTOR CO.,06-Jun-17
1083,,RZJEMLENDING CO.,06-Jun-17
1084,,S.L. WONG & ASSO. CO.,06-Jun-17
1085,,S.N. DASHMESH LENDING & TRADING CO.,06-Jun-17
1086,,SABANG MONEY LENDING INVESTORS (SMCL) CO.,06-Jun-17
1087,,SACHA CHODA LENDING INVESTOR CO.,06-Jun-17
1088,,SAGGITARIUS LENDING COMPANY,06-Jun-17
1089,,SAINI LENDING & TRADING CO.,06-Jun-17
1090,,SAN MATEO LOANS LENDING INVESTOR CO.,06-Jun-17
1091,,SAN VICENTE LENDING CO.,06-Jun-17
1092,,SANDHU-PREM LENDING INVESTOR CO.,06-Jun-17
1093,,SANGAM & CO.,06-Jun-17
1094,,SANGAT PURA LENDING & TRADING CO.,06-Jun-17
1095,,SANGERS LENDING LTD. CO.,06-Jun-17
1096,,SANGHA-RANDHAWA LENDING INVESTOR CO.,06-Jun-17
1097,,SANGHU LENDING & TRADING CO.,06-Jun-17
1098,,SANGITAN LENDING INVESTOR CO.,06-Jun-17
1099,,SARDAR LENDING & TRADING CO.,06-Jun-17
1100,,SARDEGNA LENDING INVESTOR LTD. CO.,06-Jun-17
1101,,SARUP & FRIENDS LENDING & TRADING CO.,06-Jun-17
1102,,SARWAN SINGH LENDING INVESTORS LTD. CO.,06-Jun-17
1103,,SATNAM CREDIT RESOURCES CO.,06-Jun-17
1104,,SATSANG LENDING INVESTOR & TRADING CO.,06-Jun-17
1105,,SAVERS HAVEN LENDING & TRADING CO. LTD.,06-Jun-17
1106,,SAYSON LENDING CO.,06-Jun-17
1107,,SBMO LENDING INVESTOR CO.,06-Jun-17
1108,,SCC LINEAGE CREDIT COMPANY,06-Jun-17
1109,,SECOND MILLENIUM LENDING CO.,06-Jun-17
1110,,SEETAR LENDING & TRADING CO.,06-Jun-17
1111,,SEKHON LENDING INVESTOR & TRADING CO.,06-Jun-17
1112,,SENGEHRA LENDING & TRADING CO.,06-Jun-17
1113,,SETHI LENDING & TRADING CO.,06-Jun-17
1114,,"SEVEN FOLDS LENDING SERVICES, CO.",06-Jun-17
1115,,SHAHJI LENDING INVESTORS CO.,06-Jun-17
1116,,SHALOM TRIPLE J LENDING INVESTOR CO.,06-Jun-17
1117,,SHAMSHER LENDING & TRADING CO.,06-Jun-17
1118,,SHARE & CARE LENDING INVESTOR CO.,06-Jun-17
1119,,SHASAM LENDING CO.,06-Jun-17
1120,,SHEIK FARID CREDIT RESOURCES & TRADING CO.,06-Jun-17
1121,,SHERE PUNJAB LENDING CO.,06-Jun-17
1122,,SHIMBA LENDING INVESTOR & TRADING CO.,06-Jun-17
1123,,SHINE LENDING INVESTORS CO.,06-Jun-17
1124,,SHIPPERS LENDING CO.,06-Jun-17
1125,,SHITAK & BHOPAL LENDING & TRADING CO.,06-Jun-17
1126,,SHIVAM CREDIT RESOURCES & TRADING CO.,06-Jun-17
1127,,SHIWANI CREDIT RESOURCES & TRADING CO.,06-Jun-17
1128,,SHO LENDING CO.,06-Jun-17
1129,,SHOPPERS LENDING CO.,06-Jun-17
1130,,SIDHI GILL LENDING CO.,06-Jun-17
1131,,SINGH LENDING INV. & TRADING & CO. LTD.,06-Jun-17
1132,,SINGH LENDING LTD. CO.,06-Jun-17
1133,,SKYLINK LENDING INVESTORS CO.,06-Jun-17
1134,,SM LENDING INVESTORS CO.,06-Jun-17
1135,,SMART MONEY LENDING INVESTORS CO.,06-Jun-17
1136,,SOHAIL-SURRINDER LENDING & TRADING CO.,06-Jun-17
1137,,SOHAL LENDING & TRADING CO.,06-Jun-17
1138,,SOLAR LENDING CO.,06-Jun-17
1139,,SOLID NINE CREDIT CO.,06-Jun-17
1140,,SPACY LENDING & TRADING CO. LTD.,06-Jun-17
1141,,SPENDWISELY COMPANY,06-Jun-17
1142,,SRAN LENDING CO.,06-Jun-17
1143,,SRV LENDING INVESTOR CO.,06-Jun-17
1144,,SSJ MERGING PROGRESS CO.,06-Jun-17
1145,,ST. MATHEW LENDING CO.,06-Jun-17
1146,,STA. ELENA MARIKINA LENDING CO.,06-Jun-17
1147,,STALLION LENDING INVESTORS CO.,06-Jun-17
1148,,STANDARD LOANS & CREDIT CO.,06-Jun-17
1149,,STARBIRD LENDING INVESTOR CO.,06-Jun-17
1150,,STARBRIGHT CO.,06-Jun-17
1151,,STARSTONE LENDING INTL. CO.,06-Jun-17
1152,,STIYORUM LENDING & TRADING CO. LTD.,06-Jun-17
1153,,SUBURBIA LENDING & TRADING CO. LTD.,06-Jun-17
1154,,SUKHDEV LENDING CO.,06-Jun-17
1155,,SUKHINDAR LENDING & TRADING CO.,06-Jun-17
1156,,SUMEER LENDING CO.,06-Jun-17
1157,,SUNRISE INDIA LENDING & TRADING CO.,06-Jun-17
1158,,SUNSURE LENDING INVESTOR CO.,06-Jun-17
1159,,SUPERB LENDING INVESTOR & TRADING CO.,06-Jun-17
1160,,SURE LENDING INVESTORS CO.,06-Jun-17
1161,,SURELUCK CREDIT CO.,06-Jun-17
1162,,SURIGAO ISLAND GARDEN LENDING CO.,06-Jun-17
1163,,SUSAN MIRANDA CABADING LENDING CO.,06-Jun-17
1164,,SUTLUJ LENDING & TRADING LTD. CO.,06-Jun-17
1165,,SV STAR LENDING CO.,06-Jun-17
1166,,SVT LENDING CO.,06-Jun-17
1167,,SWAMI LENDING INVESTOR & TRADING CO.,06-Jun-17
1168,,T.N.C. LENDING INVESTOR CO.,06-Jun-17
1169,,TAJPUR LENDING INVESTOR & TRADING CO.,06-Jun-17
1170,,TAKHAR LENDING INVESTOR CO.,06-Jun-17
1171,,TALAN FLORES PERALTA & ASSO. CO.,06-Jun-17
1172,,TAMBER LENDING & TRADING CO.,06-Jun-17
1173,,TANZA PRIME LENDING CO.,06-Jun-17
1174,,TAREWALA LENDING CO.,06-Jun-17
1175,,TEAMMATE LENDING & GEN. SVCS. CO.,06-Jun-17
1176,,TEG BAHADUR LENDING & TRADING CO.,06-Jun-17
1177,,THE FIRST DITA LENDING INVESTOR CO.,06-Jun-17
1178,,THE GOOD SHEPHERD LENDING INVESTORS CO.,06-Jun-17
1179,,THREE J LENDING INVESTOR & TRADING CO.,06-Jun-17
1180,,THREE KINGS LENDING CO.,06-Jun-17
1181,,TL SUN MOON CO.,06-Jun-17
1182,,TM LENDING INVESTOR CO.,06-Jun-17
1183,,TMNB LENDING CO.,06-Jun-17
1184,,TOOR LENDING & TRADING CO.,06-Jun-17
1185,,TRES AMIGOS LENDING INVESTOR CO.,06-Jun-17
1186,,TRI G LENDING COMPANY,06-Jun-17
1187,,TRIPLE 8 CO.,06-Jun-17
1188,,TRIPLE J SOBERANO LENDING INVESTOR CO.,06-Jun-17
1189,,TRISKELION RJR LENDING INVESTOR CO.,06-Jun-17
1190,,TRIVIA LENDING & TRADING CO. LTD.,06-Jun-17
1191,,TSC LENDING INVESTORS CO.,06-Jun-17
1192,,TSM CREDIT FACILITIES CO.,06-Jun-17
1193,,TWENTY FIVE OF JULY EXPRESS CREDIT CO.,06-Jun-17
1194,,TWENTY-FOUR MONEY LENDING SERVICES CO.,06-Jun-17
1195,,TWINS LENDING SAMA-SAMA MAGTULUNGAN CO.,06-Jun-17
1196,,TWO WHITE DOVES LENDING CO.,06-Jun-17
1197,,U&G LENDING INVESTOR CO.,06-Jun-17
1198,,U.J.I. COML. CREDIT & LENDING INVESTOR CO.,06-Jun-17
1199,,U-GAIN LENDING INVESTORS CO.,06-Jun-17
1200,,ULTRA LOANS CO.,06-Jun-17
1201,,UNITED TRUST LENDING INVESTOR & CO.,06-Jun-17
1202,,UNIVERSAL PLATINUM CAR LOAN & LENDING INVESTORS CO.,06-Jun-17
1203,,UPLINE CREDIT CO.,06-Jun-17
1204,,V DOUBLE L LENDING CO.,06-Jun-17
1205,,VALLEYGOLD LENDING CO. LTD.,06-Jun-17
1206,,VANCOUVER LENDING & TRADING CO.,06-Jun-17
1207,,VEER BORS. LENDING & TRADING CO.,06-Jun-17
1208,,VERIN LENDERS CO.,06-Jun-17
1209,,VES TALAVERA LENDING INVESTOR CO.,06-Jun-17
1210,,VICTORIAL LENDING INVESTOR CO.,06-Jun-17
1211,,VIMAFLO LENDING COMPANY,06-Jun-17
1212,,VINEYARD LENDING INVESTOR COMPANY,06-Jun-17
1213,,VIRDI & FRIENDS LENDING & TRADING CO.,06-Jun-17
1214,,VISHAWKARMA LENDING & TRADING CO.,06-Jun-17
1215,,VM SMALL BUSINESS CREDIT SVCS. CO.,06-Jun-17
1216,,VMGM LENDING COMPANY,06-Jun-17
1217,,WALIA LENDING & TRADING CO.,06-Jun-17
1218,,WESTBRIDGE LENDING INVESTOR ACTIVITIES COMPANY,06-Jun-17
1219,,WESTERN LEYTE LENDING INVESTORS CO.,06-Jun-17
1220,,WINDY CITY LENDING INVESTOR CO.,06-Jun-17
1221,,X-TREME LOANS CO.,06-Jun-17
1222,,XYZ LENDING LTD. CO.,06-Jun-17
1223,,YELLOW VILLAGE LENDING CO.,06-Jun-17
1224,,Z.P.R. LENDING & GENERAL TRADING CO.,06-Jun-17
1225,,ZAMBOANGA CITY EASY CREDIT SVCS. CO.,06-Jun-17
1226,,ZEITGEBER CREDIT BROKERS LTD. CO.,06-Jun-17
1227,,ZKNY LENDING CO.,06-Jun-17
1228,,ZOGEN LENDING INVESTOR CO.,06-Jun-17
1229,,ZONALINK LENDING INVESTOR COMPANY,06-Jun-17
1230,,ZONNEL INVESTOR LTD. CO.,06-Jun-17
1231,,A.P. LENDING CO.,23-May-17
1232,,BUSINESSMATE LENDING INVESTOR CO.,23-May-17
1233,,ESTS LENDING INVESTOR CO.,23-May-17
1234,,FABCONN LENDING & COLLECTION CO.,23-May-17
1235,,FUJI LENDING INVESTOR LTD. CO.,23-May-17
1236,,G R R LENDING & TRADING CO.,23-May-17
1237,,JAY ANNE LENDING INVESTORS & MRKTG. CO.,23-May-17
1238,,L AND K CREDIT PARTNERSHIP,23-May-17
1239,,LUCKY JEWEL LENDING CO.,23-May-17
1240,,NITRAM LENDING & TRADING CO. LTD.,23-May-17
1241,,PARGAT LENDING & TRADING CO.,23-May-17
1242,,"SATRAM LENDING & LENDING CO., LTD.",23-May-17
1243,,SIKH LENDING & TRADING CO. LTD.,23-May-17
1244,,SM SONS CREDIT COMPANY,23-May-17
1245,,SUN ACE LENDING CO.,23-May-17
1246,,SWAGAT LENDING & TRADING CO.,23-May-17
1247,,UNI-LOANS LENDING CO.,23-May-17
1248,,VIL STAR LENDING INVESTOR CO,23-May-17
1249,,WILLIAM K. LENDING COMPANY,23-May-17
